subject_id,time,g__Lactococcus,g__Chryseobacterium,g__Leuconostoc,g__Wautersiella,g__Stenotrophomonas,g__Pseudomonas,g__Staphylococcus,g__Acinetobacter,g__Exiguobacterium,g__Sphingobacterium,g__Flectobacillus,g__Herbaspirillum,g__Pedobacter,g__Lysinibacillus,g__Ochrobactrum,g__Blvii28,g__Bacillus,g__Ruminococcus,g__Flavobacterium,others
9H,1,0.0012376237623762008,0.0038503850385038026,0.0,0.0,0.0,0.9914741474147417,0.0,0.0009625962596259007,0.00027502750275020015,0.0,0.0022002200220022014,0.0,0.0,0.0,0.0,0.0,0.0,0.0,0.0,0.0
9H,2,0.0005951200158698,0.0015869867089863,0.0,0.0,0.0,0.997024399920651,0.0,0.0003967466772465,0.0,0.0003967466772465,0.0,0.0,0.0,0.0,0.0,0.0,0.0,0.0,0.0,0.0
9H,3,0.0008583690987124131,0.0008583690987124131,0.0,0.0,0.002145922746781083,0.9931330472103006,0.0,0.0,0.0,0.003004291845493496,0.0,0.0,0.0,0.0,0.0,0.0,0.0,0.0,0.0,0.0
9H,4,0.0005295488244015629,0.0004236390595212703,0.0,0.0,0.0,0.9990468121160772,0.0,0.0,0.0,0.0,0.0,0.0,0.0,0.0,0.0,0.0,0.0,0.0,0.0,0.0
9H,5,0.0005305039787797999,0.00026525198938989996,0.00026525198938989996,0.00026525198938989996,0.0,0.9981432360742708,0.0,0.0,0.0005305039787797999,0.0,0.0,0.0,0.0,0.0,0.0,0.0,0.0,0.0,0.0,0.0
9H,6,0.0,0.0,0.0,0.0,0.0,1.0,0.0,0.0,0.0,0.0,0.0,0.0,0.0,0.0,0.0,0.0,0.0,0.0,0.0,0.0
9H,7,0.0017756732761171402,0.00044391831902928505,0.00044391831902928505,0.0,0.0002959455460194567,0.9958567623557268,0.0002959455460194567,0.0,0.0005918910920390134,0.0002959455460194567,0.0,0.0,0.0,0.0,0.0,0.0,0.0,0.0,0.0,0.0
9H,8,0.0015857913098636,0.0006343165239454,0.0,0.0,0.0,0.997779892166191,0.0,0.0,0.0,0.0,0.0,0.0,0.0,0.0,0.0,0.0,0.0,0.0,0.0,0.0
9H,9,0.001382276148057055,0.0003071724773460012,0.0,0.0004607587160189517,0.0,0.997849792658578,0.0,0.0,0.0,0.0,0.0,0.0,0.0,0.0,0.0,0.0,0.0,0.0,0.0,0.0
9H,10,0.0009665571235259996,0.0,0.0,0.0,0.0,0.9986468200270635,0.0,0.0,0.0,0.00038662284941039986,0.0,0.0,0.0,0.0,0.0,0.0,0.0,0.0,0.0,0.0
9H,11,0.0005593884020136999,0.0003729256013424999,0.0,0.0,0.0,0.9990676859966438,0.0,0.0,0.0,0.0,0.0,0.0,0.0,0.0,0.0,0.0,0.0,0.0,0.0,0.0
9H,12,0.00038226299694180024,0.01567278287461771,0.0,0.0,0.0,0.9839449541284405,0.0,0.0,0.0,0.0,0.0,0.0,0.0,0.0,0.0,0.0,0.0,0.0,0.0,0.0
11B,1,0.0,0.024793388429752095,0.9752066115702478,0.0,0.0,0.0,0.0,0.0,0.0,0.0,0.0,0.0,0.0,0.0,0.0,0.0,0.0,0.0,0.0,0.0
11B,2,0.0,0.0,0.998797787929791,0.0007213272421255,0.0,0.0,0.0,0.0004808848280836,0.0,0.0,0.0,0.0,0.0,0.0,0.0,0.0,0.0,0.0,0.0,0.0
11B,3,0.0008896797153024005,0.0,0.9991103202846976,0.0,0.0,0.0,0.0,0.0,0.0,0.0,0.0,0.0,0.0,0.0,0.0,0.0,0.0,0.0,0.0,0.0
11B,4,0.0018329938900203014,0.0,0.9969450101832996,0.0,0.0,0.0,0.0008146639511201005,0.0,0.0004073319755600003,0.0,0.0,0.0,0.0,0.0,0.0,0.0,0.0,0.0,0.0,0.0
11B,5,0.0025188916876573986,0.0,0.9974811083123426,0.0,0.0,0.0,0.0,0.0,0.0,0.0,0.0,0.0,0.0,0.0,0.0,0.0,0.0,0.0,0.0,0.0
11B,6,0.0019040365575018995,0.0,0.9965727341964967,0.0,0.0007616146230006998,0.0,0.0,0.0,0.0007616146230006998,0.0,0.0,0.0,0.0,0.0,0.0,0.0,0.0,0.0,0.0,0.0
11B,7,0.0,0.0,1.0,0.0,0.0,0.0,0.0,0.0,0.0,0.0,0.0,0.0,0.0,0.0,0.0,0.0,0.0,0.0,0.0,0.0
11B,8,0.0011952191235059,0.0,0.998804780876494,0.0,0.0,0.0,0.0,0.0,0.0,0.0,0.0,0.0,0.0,0.0,0.0,0.0,0.0,0.0,0.0,0.0
11B,9,0.0,0.0,1.0,0.0,0.0,0.0,0.0,0.0,0.0,0.0,0.0,0.0,0.0,0.0,0.0,0.0,0.0,0.0,0.0,0.0
11B,10,0.0008230452674897003,0.0,0.9991769547325103,0.0,0.0,0.0,0.0,0.0,0.0,0.0,0.0,0.0,0.0,0.0,0.0,0.0,0.0,0.0,0.0,0.0
11B,11,0.0024384296513045014,0.0,0.9975615703486955,0.0,0.0,0.0,0.0,0.0,0.0,0.0,0.0,0.0,0.0,0.0,0.0,0.0,0.0,0.0,0.0,0.0
11B,12,0.006188925081433198,0.0,0.9938110749185668,0.0,0.0,0.0,0.0,0.0,0.0,0.0,0.0,0.0,0.0,0.0,0.0,0.0,0.0,0.0,0.0,0.0
11F,1,0.7156177156177159,0.27505827505827496,0.0,0.0,0.0046620046620045996,0.0,0.0046620046620045996,0.0,0.0,0.0,0.0,0.0,0.0,0.0,0.0,0.0,0.0,0.0,0.0,0.0
11F,2,0.9411589008363203,0.05645161290322581,0.0,0.0,0.0023894862604540005,0.0,0.0,0.0,0.0,0.0,0.0,0.0,0.0,0.0,0.0,0.0,0.0,0.0,0.0,0.0
11F,3,0.9921915668922441,0.0010411244143675002,0.0005205622071837001,0.0,0.0005205622071837001,0.0,0.0006940829429116001,0.0017352073572791003,0.0006940829429116001,0.0,0.0,0.0,0.0,0.0,0.0,0.0,0.0,0.0,0.0,0.0026028110359187003
11F,4,0.9992583436341163,0.0,0.0,0.0,0.0,0.0,0.0,0.0007416563658838002,0.0,0.0,0.0,0.0,0.0,0.0,0.0,0.0,0.0,0.0,0.0,0.0
11F,5,0.9978494623655916,0.0005376344086021003,0.0,0.0,0.0008064516129032004,0.0,0.0,0.0002688172043010002,0.0,0.0,0.0,0.0,0.0,0.0,0.0,0.0,0.0,0.0,0.0,0.0005376344086021003
11F,6,0.998708427510494,0.0,0.0,0.0,0.0,0.0,0.0,0.0012915724895059,0.0,0.0,0.0,0.0,0.0,0.0,0.0,0.0,0.0,0.0,0.0,0.0
11F,7,0.9974398361495138,0.0015360983102917995,0.0,0.0,0.0010240655401944998,0.0,0.0,0.0,0.0,0.0,0.0,0.0,0.0,0.0,0.0,0.0,0.0,0.0,0.0,0.0
11F,8,0.9986538461538463,0.0009615384615384003,0.0003846153846153001,0.0,0.0,0.0,0.0,0.0,0.0,0.0,0.0,0.0,0.0,0.0,0.0,0.0,0.0,0.0,0.0,0.0
11F,9,0.9996505329372708,0.0,0.0,0.0,0.0,0.0,0.0,0.00034946706272929995,0.0,0.0,0.0,0.0,0.0,0.0,0.0,0.0,0.0,0.0,0.0,0.0
11F,10,0.9979892761394102,0.0,0.0,0.0,0.0010053619302949001,0.0,0.0,0.0,0.0,0.0,0.0,0.0,0.0,0.0,0.0,0.0,0.0,0.0,0.0,0.0010053619302949001
11F,11,1.0,0.0,0.0,0.0,0.0,0.0,0.0,0.0,0.0,0.0,0.0,0.0,0.0,0.0,0.0,0.0,0.0,0.0,0.0,0.0
11F,12,0.9947513121719571,0.0014996250937265002,0.0,0.0,0.0,0.0,0.0,0.0037490627343164003,0.0,0.0,0.0,0.0,0.0,0.0,0.0,0.0,0.0,0.0,0.0,0.0
7A,1,0.9994041944709248,0.00023832221163009996,0.00023832221163009996,0.00011916110581499997,0.0,0.0,0.0,0.0,0.0,0.0,0.0,0.0,0.0,0.0,0.0,0.0,0.0,0.0,0.0,0.0
7A,10,0.9218335983041865,0.0,0.07816640169581346,0.0,0.0,0.0,0.0,0.0,0.0,0.0,0.0,0.0,0.0,0.0,0.0,0.0,0.0,0.0,0.0,0.0
7A,11,0.9832367804757798,0.0003697769012694999,0.016146924688771096,0.0,0.0,0.0,0.00024651793417969993,0.0,0.0,0.0,0.0,0.0,0.0,0.0,0.0,0.0,0.0,0.0,0.0,0.0
7A,12,0.9829380834853526,0.0003219229531065002,0.01588153235325681,0.0,0.0,0.0,0.0,0.0,0.0,0.0,0.0,0.0,0.0,0.0,0.0,0.0,0.0,0.0,0.0,0.0008584612082840004
7A,2,0.9998605008021204,0.0,0.0,0.0,0.0,0.0,0.00013949919787960006,0.0,0.0,0.0,0.0,0.0,0.0,0.0,0.0,0.0,0.0,0.0,0.0,0.0
7A,3,0.9996874755840301,0.0003125244159699001,0.0,0.0,0.0,0.0,0.0,0.0,0.0,0.0,0.0,0.0,0.0,0.0,0.0,0.0,0.0,0.0,0.0,0.0
7A,4,0.9994361962037211,0.0003758691975192001,0.0,0.00018793459875960004,0.0,0.0,0.0,0.0,0.0,0.0,0.0,0.0,0.0,0.0,0.0,0.0,0.0,0.0,0.0,0.0
7A,5,0.9987044394541372,0.0,0.0007773363275177002,0.00034548281223000004,0.0,0.00017274140611500002,0.0,0.0,0.0,0.0,0.0,0.0,0.0,0.0,0.0,0.0,0.0,0.0,0.0,0.0
7A,6,0.9991390031569884,0.0,0.0008609968430115004,0.0,0.0,0.0,0.0,0.0,0.0,0.0,0.0,0.0,0.0,0.0,0.0,0.0,0.0,0.0,0.0,0.0
7A,7,0.938602101416172,0.0001827318410232,0.0608497030607583,0.0003654636820465,0.0,0.0,0.0,0.0,0.0,0.0,0.0,0.0,0.0,0.0,0.0,0.0,0.0,0.0,0.0,0.0
7A,8,0.9989870568373664,0.0,0.0004501969611705002,0.0,0.0,0.0,0.0002250984805852001,0.00033764772087780016,0.0,0.0,0.0,0.0,0.0,0.0,0.0,0.0,0.0,0.0,0.0,0.0
7A,9,0.997786386275595,0.0,0.0,0.0,0.0,0.0,0.0,0.001770890979524,0.0,0.0,0.0002213613724405,0.0,0.0,0.0,0.0,0.0,0.0002213613724405,0.0,0.0,0.0
7B,1,0.002359727320398501,0.0008521237545883004,0.9965259570005245,0.0002621919244887001,0.0,0.0,0.0,0.0,0.0,0.0,0.0,0.0,0.0,0.0,0.0,0.0,0.0,0.0,0.0,0.0
7B,2,0.0012619433928248993,0.9983324319451956,0.00013520822065979995,0.0002704164413195999,0.0,0.0,0.0,0.0,0.0,0.0,0.0,0.0,0.0,0.0,0.0,0.0,0.0,0.0,0.0,0.0
7B,3,0.0030975219824139993,0.0003996802557952999,0.9965027977617907,0.0,0.0,0.0,0.0,0.0,0.0,0.0,0.0,0.0,0.0,0.0,0.0,0.0,0.0,0.0,0.0,0.0
7B,4,0.0031958379784465993,0.00022296544035669993,0.9962839093273878,0.0002972872538088999,0.0,0.0,0.0,0.0,0.0,0.0,0.0,0.0,0.0,0.0,0.0,0.0,0.0,0.0,0.0,0.0
7B,5,0.0011830319418623997,0.0,0.9988169680581376,0.0,0.0,0.0,0.0,0.0,0.0,0.0,0.0,0.0,0.0,0.0,0.0,0.0,0.0,0.0,0.0,0.0
7B,6,0.005783132530120403,0.0,0.9942168674698796,0.0,0.0,0.0,0.0,0.0,0.0,0.0,0.0,0.0,0.0,0.0,0.0,0.0,0.0,0.0,0.0,0.0
7B,7,0.0017382002941568997,0.0,0.9979943842759728,0.00026741542987029996,0.0,0.0,0.0,0.0,0.0,0.0,0.0,0.0,0.0,0.0,0.0,0.0,0.0,0.0,0.0,0.0
7B,8,0.0026554201811932994,0.0,0.9970321774445488,0.0,0.0,0.0,0.00031240237425799995,0.0,0.0,0.0,0.0,0.0,0.0,0.0,0.0,0.0,0.0,0.0,0.0,0.0
7B,9,0.003120356612184199,0.00029717682020799995,0.9965824665676077,0.0,0.0,0.0,0.0,0.0,0.0,0.0,0.0,0.0,0.0,0.0,0.0,0.0,0.0,0.0,0.0,0.0
7B,10,0.0017645576002016008,0.0,0.9982354423997984,0.0,0.0,0.0,0.0,0.0,0.0,0.0,0.0,0.0,0.0,0.0,0.0,0.0,0.0,0.0,0.0,0.0
7B,11,0.0027567195037904017,0.0,0.9972432804962096,0.0,0.0,0.0,0.0,0.0,0.0,0.0,0.0,0.0,0.0,0.0,0.0,0.0,0.0,0.0,0.0,0.0
7B,12,0.004180602006688901,0.0,0.9958193979933111,0.0,0.0,0.0,0.0,0.0,0.0,0.0,0.0,0.0,0.0,0.0,0.0,0.0,0.0,0.0,0.0,0.0
7C,1,0.0032425421530479018,0.0001852881230313001,0.9963868816008895,0.0,0.0,0.0,0.0,0.0,0.0,0.0,0.0,0.0,0.0,0.0,0.0,0.0,0.0,0.0,0.0,0.0001852881230313001
7C,2,0.0035789816170489004,0.09598177972994962,0.7938831950544981,0.020823165771921302,0.0,0.0,0.00032536196518620004,0.0,0.0,0.0,0.0,0.0,0.0,0.08540751586139582,0.0,0.0,0.0,0.0,0.0,0.0
7C,3,0.0022178734507501013,0.0004566210045662003,0.9969341161121985,0.0001304631441617001,0.0,0.0,0.0,0.0,0.0,0.0,0.0,0.0,0.0,0.00026092628832350014,0.0,0.0,0.0,0.0,0.0,0.0
7C,4,0.0023616236162361,0.0,0.997638376383764,0.0,0.0,0.0,0.0,0.0,0.0,0.0,0.0,0.0,0.0,0.0,0.0,0.0,0.0,0.0,0.0,0.0
7C,5,0.003342956997416801,0.0,0.9966570430025832,0.0,0.0,0.0,0.0,0.0,0.0,0.0,0.0,0.0,0.0,0.0,0.0,0.0,0.0,0.0,0.0,0.0
7C,6,0.0017135023989033008,0.0,0.9976010966415355,0.0003427004797806002,0.0,0.0,0.0003427004797806002,0.0,0.0,0.0,0.0,0.0,0.0,0.0,0.0,0.0,0.0,0.0,0.0,0.0
7C,7,0.0048780487804878005,0.0,0.9947735191637631,0.0003484320557491001,0.0,0.0,0.0,0.0,0.0,0.0,0.0,0.0,0.0,0.0,0.0,0.0,0.0,0.0,0.0,0.0
7C,8,0.0018834165175628003,0.0,0.9981165834824371,0.0,0.0,0.0,0.0,0.0,0.0,0.0,0.0,0.0,0.0,0.0,0.0,0.0,0.0,0.0,0.0,0.0
7C,9,0.003527664314890399,0.00037133308577789987,0.9957296695135538,0.00037133308577789987,0.0,0.0,0.0,0.0,0.0,0.0,0.0,0.0,0.0,0.0,0.0,0.0,0.0,0.0,0.0,0.0
7C,10,0.012813265498398304,0.0,0.9809685321273792,0.00037686074995280013,0.0011305822498586002,0.0,0.0,0.0,0.0,0.0,0.0,0.0,0.0,0.0,0.0,0.0,0.0,0.0,0.0,0.004710759374411001
7C,11,0.003545201316789002,0.0007596859964547005,0.9802481640921756,0.0,0.0,0.0,0.0005064573309698004,0.0002532286654849002,0.0,0.0,0.0,0.0,0.0,0.0,0.0,0.0,0.0,0.0,0.0,0.014687262598125911
7C,12,0.0023794416243653996,0.0,0.9946065989847718,0.0,0.0,0.0,0.0004758883248729999,0.0,0.0,0.0,0.0,0.0,0.0,0.0,0.0,0.0,0.0,0.0,0.0,0.0025380710659897994
7D,1,0.0015184381778740993,0.07960954446854655,0.8969631236442516,0.0,0.0,0.0,0.02190889370932759,0.0,0.0,0.0,0.0,0.0,0.0,0.0,0.0,0.0,0.0,0.0,0.0,0.0
7D,2,0.0009867240760674002,0.9980265518478653,0.0009867240760674002,0.0,0.0,0.0,0.0,0.0,0.0,0.0,0.0,0.0,0.0,0.0,0.0,0.0,0.0,0.0,0.0,0.0
7D,3,0.0021265284423178997,0.0,0.9976962608541557,0.0,0.00017721070352639997,0.0,0.0,0.0,0.0,0.0,0.0,0.0,0.0,0.0,0.0,0.0,0.0,0.0,0.0,0.0
7D,4,0.0033405954974581992,0.0,0.9895424836601308,0.0,0.0,0.0,0.007116920842410998,0.0,0.0,0.0,0.0,0.0,0.0,0.0,0.0,0.0,0.0,0.0,0.0,0.0
7D,5,0.0006815084052702999,0.0,0.9936392548841437,0.0,0.0,0.0,0.005679236710586099,0.0,0.0,0.0,0.0,0.0,0.0,0.0,0.0,0.0,0.0,0.0,0.0,0.0
7D,6,0.002609763586122201,0.0,0.9895609456555113,0.0,0.0,0.0,0.00046054651519800014,0.007368744243168503,0.0,0.0,0.0,0.0,0.0,0.0,0.0,0.0,0.0,0.0,0.0,0.0
7D,7,0.004680395827761402,0.0,0.9942497994116075,0.0,0.0,0.0,0.0010698047606311006,0.0,0.0,0.0,0.0,0.0,0.0,0.0,0.0,0.0,0.0,0.0,0.0,0.0
7D,8,0.006436592714324801,0.0004108463434675001,0.9902766365379351,0.0,0.0,0.0,0.0026020268419611006,0.0,0.0,0.0,0.0,0.0,0.0,0.0,0.0,0.0,0.00027389756231160006,0.0,0.0,0.0
7D,9,0.0004639294827186002,0.0,0.9995360705172814,0.0,0.0,0.0,0.0,0.0,0.0,0.0,0.0,0.0,0.0,0.0,0.0,0.0,0.0,0.0,0.0,0.0
7D,10,0.0033482142857142005,0.0005580357142857002,0.9960937500000001,0.0,0.0,0.0,0.0,0.0,0.0,0.0,0.0,0.0,0.0,0.0,0.0,0.0,0.0,0.0,0.0,0.0
7D,11,0.0030188679245283013,0.0,0.9943396226415094,0.0015094339622641006,0.0,0.0,0.0,0.0,0.0,0.0,0.0,0.0,0.0,0.0,0.0,0.0,0.0,0.0,0.0,0.0011320754716981005
7D,12,0.0008460236886632004,0.0,0.9915397631133673,0.0,0.0,0.0,0.007614213197969503,0.0,0.0,0.0,0.0,0.0,0.0,0.0,0.0,0.0,0.0,0.0,0.0,0.0
7E,1,0.007871878393051,0.0004071661237785,0.0028501628664495,0.000271444082519,0.0,0.0,0.988599348534202,0.0,0.0,0.0,0.0,0.0,0.0,0.0,0.0,0.0,0.0,0.0,0.0,0.0
7E,2,0.010812236286919803,0.0058016877637130015,0.008438818565400803,0.0010548523206751004,0.0,0.0,0.9738924050632913,0.0,0.0,0.0,0.0,0.0,0.0,0.0,0.0,0.0,0.0,0.0,0.0,0.0
7E,3,0.004252126063031502,0.0007503751875937003,0.0007503751875937003,0.0007503751875937003,0.0,0.0,0.9934967483741874,0.0,0.0,0.0,0.0,0.0,0.0,0.0,0.0,0.0,0.0,0.0,0.0,0.0
7E,4,0.005512679162072702,0.0,0.0060639470782800015,0.0,0.0,0.0,0.9884233737596473,0.0,0.0,0.0,0.0,0.0,0.0,0.0,0.0,0.0,0.0,0.0,0.0,0.0
7E,5,0.009536784741144399,0.0,0.0021798365122614994,0.0013623978201633999,0.0,0.0,0.9869209809264308,0.0,0.0,0.0,0.0,0.0,0.0,0.0,0.0,0.0,0.0,0.0,0.0,0.0
7E,6,0.007724137931034401,0.0008275862068965002,0.021793103448275904,0.0,0.0,0.0,0.9696551724137932,0.0,0.0,0.0,0.0,0.0,0.0,0.0,0.0,0.0,0.0,0.0,0.0,0.0
7E,7,0.010602409638554201,0.0004819277108433001,0.0004819277108433001,0.0,0.0,0.0,0.9884337349397592,0.0,0.0,0.0,0.0,0.0,0.0,0.0,0.0,0.0,0.0,0.0,0.0,0.0
7E,8,0.016706443914081104,0.0,0.06873508353221962,0.0014319809069212003,0.0,0.0,0.9131264916467781,0.0,0.0,0.0,0.0,0.0,0.0,0.0,0.0,0.0,0.0,0.0,0.0,0.0
7E,9,0.005600933488914797,0.00046674445740949976,0.0009334889148190996,0.0,0.0,0.0,0.9929988331388565,0.0,0.0,0.0,0.0,0.0,0.0,0.0,0.0,0.0,0.0,0.0,0.0,0.0
7E,10,0.009888751545117402,0.0,0.019777503090234905,0.0,0.0,0.013906056860321403,0.9564276885043262,0.0,0.0,0.0,0.0,0.0,0.0,0.0,0.0,0.0,0.0,0.0,0.0,0.0
7E,11,0.0062086092715231,0.0,0.0037251655629139,0.0,0.0,0.0,0.990066225165563,0.0,0.0,0.0,0.0,0.0,0.0,0.0,0.0,0.0,0.0,0.0,0.0,0.0
7E,12,0.012772751463544403,0.0010643959552953004,0.0,0.0,0.0,0.0,0.9861628525811603,0.0,0.0,0.0,0.0,0.0,0.0,0.0,0.0,0.0,0.0,0.0,0.0,0.0
7F,1,0.34482758620689685,0.06896551724137927,0.10344827586206896,0.0,0.0,0.0,0.4827586206896548,0.0,0.0,0.0,0.0,0.0,0.0,0.0,0.0,0.0,0.0,0.0,0.0,0.0
7F,2,0.0388768898488121,0.941684665226782,0.0,0.0043196544276457,0.0,0.0,0.0151187904967603,0.0,0.0,0.0,0.0,0.0,0.0,0.0,0.0,0.0,0.0,0.0,0.0,0.0
7F,3,0.8571428571428572,0.07142857142857141,0.0,0.07142857142857141,0.0,0.0,0.0,0.0,0.0,0.0,0.0,0.0,0.0,0.0,0.0,0.0,0.0,0.0,0.0,0.0
7F,4,0.7419354838709679,0.0,0.06451612903225809,0.12903225806451596,0.0,0.0,0.0,0.0,0.0,0.06451612903225809,0.0,0.0,0.0,0.0,0.0,0.0,0.0,0.0,0.0,0.0
7F,5,0.8059701492537313,0.059701492537313425,0.059701492537313425,0.04477611940298512,0.0,0.0,0.0,0.0,0.0,0.0,0.0,0.0,0.0,0.0,0.0,0.0,0.0,0.029850746268656712,0.0,0.0
7F,6,0.8205128205128206,0.0,0.12820512820512808,0.0,0.0,0.0,0.0,0.0,0.0,0.0,0.0,0.0,0.0,0.0,0.0,0.0,0.051282051282051336,0.0,0.0,0.0
7F,7,0.758620689655172,0.103448275862069,0.0,0.0,0.0,0.0,0.137931034482759,0.0,0.0,0.0,0.0,0.0,0.0,0.0,0.0,0.0,0.0,0.0,0.0,0.0
7F,8,0.8709677419354838,0.0,0.06451612903225809,0.06451612903225809,0.0,0.0,0.0,0.0,0.0,0.0,0.0,0.0,0.0,0.0,0.0,0.0,0.0,0.0,0.0,0.0
7F,9,1.0,0.0,0.0,0.0,0.0,0.0,0.0,0.0,0.0,0.0,0.0,0.0,0.0,0.0,0.0,0.0,0.0,0.0,0.0,0.0
7F,10,0.5454545454545451,0.045454545454545504,0.030303030303030304,0.0,0.0,0.25757575757575807,0.06060606060606061,0.0,0.0,0.0,0.0,0.0,0.0,0.0,0.030303030303030304,0.0,0.030303030303030304,0.0,0.0,0.0
7F,11,0.6785714285714287,0.12499999999999994,0.0,0.08928571428571426,0.0,0.0,0.10714285714285696,0.0,0.0,0.0,0.0,0.0,0.0,0.0,0.0,0.0,0.0,0.0,0.0,0.0
7F,12,0.8076923076923077,0.057692307692307675,0.09615384615384616,0.038461538461538484,0.0,0.0,0.0,0.0,0.0,0.0,0.0,0.0,0.0,0.0,0.0,0.0,0.0,0.0,0.0,0.0
7G,1,0.8139534883720932,0.13953488372093004,0.0,0.04651162790697671,0.0,0.0,0.0,0.0,0.0,0.0,0.0,0.0,0.0,0.0,0.0,0.0,0.0,0.0,0.0,0.0
7G,2,0.6666666666666666,0.08333333333333326,0.13888888888888895,0.05555555555555557,0.0,0.0,0.05555555555555557,0.0,0.0,0.0,0.0,0.0,0.0,0.0,0.0,0.0,0.0,0.0,0.0,0.0
7G,3,1.0,0.0,0.0,0.0,0.0,0.0,0.0,0.0,0.0,0.0,0.0,0.0,0.0,0.0,0.0,0.0,0.0,0.0,0.0,0.0
7G,4,0.76,0.0,0.08,0.16,0.0,0.0,0.0,0.0,0.0,0.0,0.0,0.0,0.0,0.0,0.0,0.0,0.0,0.0,0.0,0.0
7G,5,0.7936507936507937,0.03174603174603169,0.07936507936507936,0.06349206349206347,0.0,0.0,0.0,0.0,0.0,0.0,0.03174603174603169,0.0,0.0,0.0,0.0,0.0,0.0,0.0,0.0,0.0
7G,6,1.0,0.0,0.0,0.0,0.0,0.0,0.0,0.0,0.0,0.0,0.0,0.0,0.0,0.0,0.0,0.0,0.0,0.0,0.0,0.0
7G,7,1.0,0.0,0.0,0.0,0.0,0.0,0.0,0.0,0.0,0.0,0.0,0.0,0.0,0.0,0.0,0.0,0.0,0.0,0.0,0.0
7G,8,0.8043478260869567,0.08695652173913036,0.06521739130434777,0.04347826086956518,0.0,0.0,0.0,0.0,0.0,0.0,0.0,0.0,0.0,0.0,0.0,0.0,0.0,0.0,0.0,0.0
7G,9,0.8135593220338982,0.05084745762711861,0.05084745762711861,0.08474576271186443,0.0,0.0,0.0,0.0,0.0,0.0,0.0,0.0,0.0,0.0,0.0,0.0,0.0,0.0,0.0,0.0
7G,10,0.793103448275862,0.0,0.0344827586206897,0.0862068965517241,0.0,0.0517241379310345,0.0,0.0,0.0,0.0,0.0344827586206897,0.0,0.0,0.0,0.0,0.0,0.0,0.0,0.0,0.0
7G,11,0.8518518518518517,0.0,0.07407407407407408,0.0,0.07407407407407408,0.0,0.0,0.0,0.0,0.0,0.0,0.0,0.0,0.0,0.0,0.0,0.0,0.0,0.0,0.0
7G,12,0.7142857142857141,0.07142857142857141,0.0,0.14285714285714302,0.0,0.0,0.07142857142857141,0.0,0.0,0.0,0.0,0.0,0.0,0.0,0.0,0.0,0.0,0.0,0.0,0.0
7H,1,0.375,0.375,0.0,0.25,0.0,0.0,0.0,0.0,0.0,0.0,0.0,0.0,0.0,0.0,0.0,0.0,0.0,0.0,0.0,0.0
7H,2,0.5,0.0,0.0,0.0,0.0,0.0,0.0,0.0,0.5,0.0,0.0,0.0,0.0,0.0,0.0,0.0,0.0,0.0,0.0,0.0
7H,3,0.75,0.107142857142857,0.0,0.142857142857143,0.0,0.0,0.0,0.0,0.0,0.0,0.0,0.0,0.0,0.0,0.0,0.0,0.0,0.0,0.0,0.0
7H,4,1.0,0.0,0.0,0.0,0.0,0.0,0.0,0.0,0.0,0.0,0.0,0.0,0.0,0.0,0.0,0.0,0.0,0.0,0.0,0.0
7H,5,0.5714285714285716,0.21428571428571425,0.0,0.0,0.0,0.0,0.0,0.0,0.21428571428571425,0.0,0.0,0.0,0.0,0.0,0.0,0.0,0.0,0.0,0.0,0.0
7H,6,0.0,0.0,0.0,0.0,0.0,0.0,0.0,0.0,1.0,0.0,0.0,0.0,0.0,0.0,0.0,0.0,0.0,0.0,0.0,0.0
7H,7,0.2222222222222221,0.06944444444444445,0.04166666666666672,0.0,0.05555555555555563,0.5833333333333334,0.0,0.0,0.027777777777777814,0.0,0.0,0.0,0.0,0.0,0.0,0.0,0.0,0.0,0.0,0.0
7H,8,1.0,0.0,0.0,0.0,0.0,0.0,0.0,0.0,0.0,0.0,0.0,0.0,0.0,0.0,0.0,0.0,0.0,0.0,0.0,0.0
7H,9,0.416666666666667,0.333333333333333,0.0,0.0,0.0,0.0,0.0,0.0,0.25,0.0,0.0,0.0,0.0,0.0,0.0,0.0,0.0,0.0,0.0,0.0
7H,10,0.6,0.0,0.0,0.0,0.0,0.4,0.0,0.0,0.0,0.0,0.0,0.0,0.0,0.0,0.0,0.0,0.0,0.0,0.0,0.0
7H,11,0.4117647058823534,0.0,0.11764705882352912,0.11764705882352912,0.17647058823529418,0.0,0.0,0.0,0.17647058823529418,0.0,0.0,0.0,0.0,0.0,0.0,0.0,0.0,0.0,0.0,0.0
7H,12,0.666666666666667,0.0,0.333333333333333,0.0,0.0,0.0,0.0,0.0,0.0,0.0,0.0,0.0,0.0,0.0,0.0,0.0,0.0,0.0,0.0,0.0
9A,1,0.9972335468841002,0.0010192195690157003,0.0,0.0,0.0,0.0,0.0017472335468841002,0.0,0.0,0.0,0.0,0.0,0.0,0.0,0.0,0.0,0.0,0.0,0.0,0.0
9A,10,0.9991993594875901,0.00026688017080330004,0.0,0.0,0.0,0.0,0.0,0.0,0.0,0.0,0.0,0.0,0.0,0.0,0.0,0.0,0.0,0.0,0.0,0.0005337603416066001
9A,11,1.0,0.0,0.0,0.0,0.0,0.0,0.0,0.0,0.0,0.0,0.0,0.0,0.0,0.0,0.0,0.0,0.0,0.0,0.0,0.0
9A,12,0.9985643435134433,0.0005220569042025001,0.0003915426781519001,0.0,0.00026102845210120007,0.0,0.0,0.00026102845210120007,0.0,0.0,0.0,0.0,0.0,0.0,0.0,0.0,0.0,0.0,0.0,0.0
9A,2,0.9968634686346866,0.0009225092250922006,0.0,0.0005535055350553003,0.0,0.0,0.0016605166051660008,0.0,0.0,0.0,0.0,0.0,0.0,0.0,0.0,0.0,0.0,0.0,0.0,0.0
9A,3,1.0,0.0,0.0,0.0,0.0,0.0,0.0,0.0,0.0,0.0,0.0,0.0,0.0,0.0,0.0,0.0,0.0,0.0,0.0,0.0
9A,4,1.0,0.0,0.0,0.0,0.0,0.0,0.0,0.0,0.0,0.0,0.0,0.0,0.0,0.0,0.0,0.0,0.0,0.0,0.0,0.0
9A,5,0.9996904982977406,0.0,0.0003095017022592998,0.0,0.0,0.0,0.0,0.0,0.0,0.0,0.0,0.0,0.0,0.0,0.0,0.0,0.0,0.0,0.0,0.0
9A,6,1.0,0.0,0.0,0.0,0.0,0.0,0.0,0.0,0.0,0.0,0.0,0.0,0.0,0.0,0.0,0.0,0.0,0.0,0.0,0.0
9A,7,0.9987758849331838,0.0004080383556053999,0.0004080383556053999,0.00020401917780269994,0.0,0.0,0.0,0.0,0.0,0.0,0.0,0.00020401917780269994,0.0,0.0,0.0,0.0,0.0,0.0,0.0,0.0
9A,8,1.0,0.0,0.0,0.0,0.0,0.0,0.0,0.0,0.0,0.0,0.0,0.0,0.0,0.0,0.0,0.0,0.0,0.0,0.0,0.0
9A,9,0.9993272788429196,0.0,0.0004484807713868998,0.0,0.0,0.0002242403856933999,0.0,0.0,0.0,0.0,0.0,0.0,0.0,0.0,0.0,0.0,0.0,0.0,0.0,0.0
9B,1,0.9968267400042313,0.0,0.0016924053310767007,0.0,0.0,0.0,0.0008462026655383004,0.0,0.0006346519991537002,0.0,0.0,0.0,0.0,0.0,0.0,0.0,0.0,0.0,0.0,0.0
9B,2,0.999575821845175,0.0002120890774125,0.0002120890774125,0.0,0.0,0.0,0.0,0.0,0.0,0.0,0.0,0.0,0.0,0.0,0.0,0.0,0.0,0.0,0.0,0.0
9B,3,0.9995664113311173,0.0,0.00043358866888270015,0.0,0.0,0.0,0.0,0.0,0.0,0.0,0.0,0.0,0.0,0.0,0.0,0.0,0.0,0.0,0.0,0.0
9B,4,0.9992536199432752,0.00029855202268990003,0.0004478280340349001,0.0,0.0,0.0,0.0,0.0,0.0,0.0,0.0,0.0,0.0,0.0,0.0,0.0,0.0,0.0,0.0,0.0
9B,5,1.0,0.0,0.0,0.0,0.0,0.0,0.0,0.0,0.0,0.0,0.0,0.0,0.0,0.0,0.0,0.0,0.0,0.0,0.0,0.0
9B,6,0.9996701302985321,0.0,0.00032986970146790004,0.0,0.0,0.0,0.0,0.0,0.0,0.0,0.0,0.0,0.0,0.0,0.0,0.0,0.0,0.0,0.0,0.0
9B,7,0.9988115816767503,0.0003241140881590001,0.0003241140881590001,0.0002160760587726001,0.0,0.0,0.0,0.0,0.0,0.0,0.0,0.0,0.0,0.0,0.0,0.0,0.0003241140881590001,0.0,0.0,0.0
9B,8,0.9995587586409768,0.0,0.0,0.0004412413590232999,0.0,0.0,0.0,0.0,0.0,0.0,0.0,0.0,0.0,0.0,0.0,0.0,0.0,0.0,0.0,0.0
9B,9,0.9995123140697391,0.0,0.0,0.0,0.0,0.0,0.0,0.0,0.0,0.0,0.0,0.0,0.0,0.0,0.0,0.0,0.0,0.0,0.0,0.00048768593026090007
9B,10,0.9991941054570573,0.0003453833755468001,0.00023025558369790008,0.0,0.0,0.0,0.0,0.0,0.0,0.0,0.0,0.0,0.0,0.0,0.0,0.0,0.0,0.0,0.0,0.00023025558369790008
9B,11,1.0,0.0,0.0,0.0,0.0,0.0,0.0,0.0,0.0,0.0,0.0,0.0,0.0,0.0,0.0,0.0,0.0,0.0,0.0,0.0
9B,12,0.9870225269343781,0.0,0.0,0.0,0.0,0.009794319294809001,0.0,0.0,0.0,0.0,0.0,0.0,0.0,0.0,0.0,0.0,0.0,0.0,0.0,0.0031831537708129003
9C,1,0.9072715143428953,0.0,0.03335557038025352,0.0,0.006004002668445601,0.0,0.049366244162775214,0.0,0.0040026684456304015,0.0,0.0,0.0,0.0,0.0,0.0,0.0,0.0,0.0,0.0,0.0
9C,2,0.999313469724015,0.0004119181655911,0.000274612110394,0.0,0.0,0.0,0.0,0.0,0.0,0.0,0.0,0.0,0.0,0.0,0.0,0.0,0.0,0.0,0.0,0.0
9C,3,0.9997217197718103,0.0,0.0,0.0,0.0002782802281897001,0.0,0.0,0.0,0.0,0.0,0.0,0.0,0.0,0.0,0.0,0.0,0.0,0.0,0.0,0.0
9C,4,1.0,0.0,0.0,0.0,0.0,0.0,0.0,0.0,0.0,0.0,0.0,0.0,0.0,0.0,0.0,0.0,0.0,0.0,0.0,0.0
9C,5,0.9992921857304644,0.0,0.0,0.0,0.0,0.0,0.0002831257078142001,0.0,0.0,0.0,0.0,0.0,0.0,0.0,0.0,0.0,0.0,0.0,0.0,0.0004246885617214002
9C,6,1.0,0.0,0.0,0.0,0.0,0.0,0.0,0.0,0.0,0.0,0.0,0.0,0.0,0.0,0.0,0.0,0.0,0.0,0.0,0.0
9C,7,0.9990716385579453,0.0,0.00030945381401820013,0.0006189076280365002,0.0,0.0,0.0,0.0,0.0,0.0,0.0,0.0,0.0,0.0,0.0,0.0,0.0,0.0,0.0,0.0
9C,8,0.9753086419753085,0.0,0.0,0.0,0.0,0.0,0.024691358024691388,0.0,0.0,0.0,0.0,0.0,0.0,0.0,0.0,0.0,0.0,0.0,0.0,0.0
9C,9,0.9997419687782222,0.00025803122177780005,0.0,0.0,0.0,0.0,0.0,0.0,0.0,0.0,0.0,0.0,0.0,0.0,0.0,0.0,0.0,0.0,0.0,0.0
9C,10,0.9997900482888935,0.0,0.0,0.0,0.0,0.0,0.0,0.0,0.0,0.0,0.0,0.0,0.0,0.0,0.0,0.0,0.00020995171110639992,0.0,0.0,0.0
9C,11,0.999718151071026,0.000281848928974,0.0,0.0,0.0,0.0,0.0,0.0,0.0,0.0,0.0,0.0,0.0,0.0,0.0,0.0,0.0,0.0,0.0,0.0
9C,12,0.9882583170254404,0.0,0.001956947162426601,0.0,0.0015220700152207007,0.0,0.007827788649706404,0.0,0.0004348771472059002,0.0,0.0,0.0,0.0,0.0,0.0,0.0,0.0,0.0,0.0,0.0
9D,1,0.8592057761732853,0.004813477737665402,0.09386281588447652,0.002406738868832701,0.012033694344163704,0.0,0.02767749699157641,0.0,0.0,0.0,0.0,0.0,0.0,0.0,0.0,0.0,0.0,0.0,0.0,0.0
9D,2,0.9910714285714289,0.0010888501742159988,0.0,0.0,0.0,0.0,0.0,0.0,0.0,0.0,0.0010888501742159988,0.0,0.0,0.0,0.0,0.0,0.0,0.0,0.0,0.0067508710801391526
9D,3,0.999753603548109,0.000246396451891,0.0,0.0,0.0,0.0,0.0,0.0,0.0,0.0,0.0,0.0,0.0,0.0,0.0,0.0,0.0,0.0,0.0,0.0
9D,4,1.0,0.0,0.0,0.0,0.0,0.0,0.0,0.0,0.0,0.0,0.0,0.0,0.0,0.0,0.0,0.0,0.0,0.0,0.0,0.0
9D,5,1.0,0.0,0.0,0.0,0.0,0.0,0.0,0.0,0.0,0.0,0.0,0.0,0.0,0.0,0.0,0.0,0.0,0.0,0.0,0.0
9D,6,1.0,0.0,0.0,0.0,0.0,0.0,0.0,0.0,0.0,0.0,0.0,0.0,0.0,0.0,0.0,0.0,0.0,0.0,0.0,0.0
9D,7,0.9996209249431388,0.0,0.0,0.00037907505686119987,0.0,0.0,0.0,0.0,0.0,0.0,0.0,0.0,0.0,0.0,0.0,0.0,0.0,0.0,0.0,0.0
9D,8,0.9993648777389648,0.00031756113051759993,0.0,0.0,0.0,0.0,0.0,0.0,0.0,0.00031756113051759993,0.0,0.0,0.0,0.0,0.0,0.0,0.0,0.0,0.0,0.0
9D,9,1.0,0.0,0.0,0.0,0.0,0.0,0.0,0.0,0.0,0.0,0.0,0.0,0.0,0.0,0.0,0.0,0.0,0.0,0.0,0.0
9D,10,1.0,0.0,0.0,0.0,0.0,0.0,0.0,0.0,0.0,0.0,0.0,0.0,0.0,0.0,0.0,0.0,0.0,0.0,0.0,0.0
9D,11,0.9993924665856623,0.0,0.0,0.0006075334143377002,0.0,0.0,0.0,0.0,0.0,0.0,0.0,0.0,0.0,0.0,0.0,0.0,0.0,0.0,0.0,0.0
9D,12,0.9951147298297557,0.0,0.0,0.0,0.0,0.0,0.0,0.0,0.0,0.0,0.0,0.0,0.0,0.0,0.0,0.0,0.0,0.0,0.0,0.004885270170244268
9E,1,0.0068493150684931035,0.0009132420091324004,0.9703196347031965,0.0,0.0027397260273972013,0.0,0.014155251141552506,0.0,0.005022831050228303,0.0,0.0,0.0,0.0,0.0,0.0,0.0,0.0,0.0,0.0,0.0
9E,2,0.0027195648696208006,0.0,0.9972804351303792,0.0,0.0,0.0,0.0,0.0,0.0,0.0,0.0,0.0,0.0,0.0,0.0,0.0,0.0,0.0,0.0,0.0
9E,3,0.0029663810151615015,0.0,0.9970336189848386,0.0,0.0,0.0,0.0,0.0,0.0,0.0,0.0,0.0,0.0,0.0,0.0,0.0,0.0,0.0,0.0,0.0
9E,4,0.0026837324525185013,0.0,0.9973162675474815,0.0,0.0,0.0,0.0,0.0,0.0,0.0,0.0,0.0,0.0,0.0,0.0,0.0,0.0,0.0,0.0,0.0
9E,5,0.0027372262773721996,0.0,0.9972627737226277,0.0,0.0,0.0,0.0,0.0,0.0,0.0,0.0,0.0,0.0,0.0,0.0,0.0,0.0,0.0,0.0,0.0
9E,6,0.004610226320201101,0.0004191114836546001,0.9949706621961443,0.0,0.0,0.0,0.0,0.0,0.0,0.0,0.0,0.0,0.0,0.0,0.0,0.0,0.0,0.0,0.0,0.0
9E,7,0.0007950389569088,0.0,0.998727937668946,0.0,0.0,0.0,0.0004770233741453,0.0,0.0,0.0,0.0,0.0,0.0,0.0,0.0,0.0,0.0,0.0,0.0,0.0
9E,8,0.0037359900373599006,0.0,0.9962640099626401,0.0,0.0,0.0,0.0,0.0,0.0,0.0,0.0,0.0,0.0,0.0,0.0,0.0,0.0,0.0,0.0,0.0
9E,9,0.004578025477706999,0.0,0.9944267515923568,0.0,0.0,0.00039808917197449987,0.0,0.0005971337579616999,0.0,0.0,0.0,0.0,0.0,0.0,0.0,0.0,0.0,0.0,0.0,0.0
9E,10,0.0048676012461059005,0.0,0.9951323987538941,0.0,0.0,0.0,0.0,0.0,0.0,0.0,0.0,0.0,0.0,0.0,0.0,0.0,0.0,0.0,0.0,0.0
9E,11,0.0040441176470588005,0.0,0.9959558823529412,0.0,0.0,0.0,0.0,0.0,0.0,0.0,0.0,0.0,0.0,0.0,0.0,0.0,0.0,0.0,0.0,0.0
9E,12,0.0030606566499720993,0.0,0.9955481357818587,0.00027824151363379997,0.0,0.0,0.0,0.0,0.0011129660545352998,0.0,0.0,0.0,0.0,0.0,0.0,0.0,0.0,0.0,0.0,0.0
9F,1,0.7424242424242424,0.045454545454545525,0.03030303030303032,0.045454545454545525,0.0,0.0,0.0,0.0,0.13636363636363608,0.0,0.0,0.0,0.0,0.0,0.0,0.0,0.0,0.0,0.0,0.0
9F,2,0.14912280701754393,0.035087719298245584,0.0,0.017543859649122792,0.0,0.0,0.0,0.0,0.7982456140350876,0.0,0.0,0.0,0.0,0.0,0.0,0.0,0.0,0.0,0.0,0.0
9F,3,0.20588235294117604,0.05882352941176472,0.0,0.0,0.0,0.0,0.0,0.0,0.7352941176470592,0.0,0.0,0.0,0.0,0.0,0.0,0.0,0.0,0.0,0.0,0.0
9F,4,0.11224489795918402,0.015306122448979602,0.015306122448979602,0.010204081632653102,0.0,0.0,0.0,0.0,0.8316326530612241,0.015306122448979602,0.0,0.0,0.0,0.0,0.0,0.0,0.0,0.0,0.0,0.0
9F,5,0.04166666666666669,0.005555555555555499,0.0,0.0,0.0,0.0,0.0,0.0,0.9527777777777777,0.0,0.0,0.0,0.0,0.0,0.0,0.0,0.0,0.0,0.0,0.0
9F,6,0.216216216216216,0.0,0.027027027027027,0.0,0.0,0.0,0.0,0.0,0.756756756756757,0.0,0.0,0.0,0.0,0.0,0.0,0.0,0.0,0.0,0.0,0.0
9F,7,0.024999999999999994,0.004545454545454499,0.0,0.006818181818181798,0.0,0.0,0.0,0.0,0.9636363636363637,0.0,0.0,0.0,0.0,0.0,0.0,0.0,0.0,0.0,0.0,0.0
9F,8,0.05412371134020622,0.0,0.0051546391752577015,0.0051546391752577015,0.0,0.0,0.0,0.0,0.9355670103092784,0.0,0.0,0.0,0.0,0.0,0.0,0.0,0.0,0.0,0.0,0.0
9F,9,0.04872389791183293,0.0,0.0,0.0,0.0,0.0,0.006960556844547504,0.0,0.9443155452436196,0.0,0.0,0.0,0.0,0.0,0.0,0.0,0.0,0.0,0.0,0.0
9F,10,0.13526570048309197,0.0,0.0,0.009661835748792199,0.0,0.0,0.0,0.0,0.8550724637681157,0.0,0.0,0.0,0.0,0.0,0.0,0.0,0.0,0.0,0.0,0.0
9F,11,0.023968042609853506,0.0,0.0,0.002663115845539201,0.0,0.0,0.0,0.0,0.9733688415446073,0.0,0.0,0.0,0.0,0.0,0.0,0.0,0.0,0.0,0.0,0.0
9F,12,0.3466666666666668,0.03999999999999997,0.0,0.026666666666666682,0.0,0.0,0.0,0.0,0.5866666666666666,0.0,0.0,0.0,0.0,0.0,0.0,0.0,0.0,0.0,0.0,0.0
9G,1,0.0157588215142172,0.001027749229188,0.0,0.0,0.0640630352860569,0.0,0.918465227817746,0.0,0.0,0.0,0.0,0.0,0.0,0.0,0.000685166152792,0.0,0.0,0.0,0.0,0.0
9G,2,0.0358565737051793,0.0,0.0023904382470119,0.0015936254980079,0.193625498007968,0.0,0.766533864541833,0.0,0.0,0.0,0.0,0.0,0.0,0.0,0.0,0.0,0.0,0.0,0.0,0.0
9G,3,0.0,0.0,0.0,0.0,0.06233303650935,0.0,0.93766696349065,0.0,0.0,0.0,0.0,0.0,0.0,0.0,0.0,0.0,0.0,0.0,0.0,0.0
9G,4,0.009767092411720505,0.0,0.0,0.0,0.20060105184072108,0.0,0.7896318557475583,0.0,0.0,0.0,0.0,0.0,0.0,0.0,0.0,0.0,0.0,0.0,0.0,0.0
9G,5,0.019211324570273,0.0030333670374115,0.0,0.0020222446916076,0.238624873609707,0.0,0.737108190091001,0.0,0.0,0.0,0.0,0.0,0.0,0.0,0.0,0.0,0.0,0.0,0.0,0.0
9G,6,0.027247956403269807,0.0,0.0,0.0,0.22343324250681207,0.0,0.7493188010899181,0.0,0.0,0.0,0.0,0.0,0.0,0.0,0.0,0.0,0.0,0.0,0.0,0.0
9G,7,0.010101010101010107,0.001683501683501601,0.0,0.001683501683501601,0.11111111111111106,0.0,0.8754208754208755,0.0,0.0,0.0,0.0,0.0,0.0,0.0,0.0,0.0,0.0,0.0,0.0,0.0
9G,8,0.0084210526315789,0.0,0.0,0.0,0.0631578947368421,0.0,0.928421052631579,0.0,0.0,0.0,0.0,0.0,0.0,0.0,0.0,0.0,0.0,0.0,0.0,0.0
9G,9,0.03691275167785243,0.0,0.0,0.0,0.20022371364653213,0.0,0.7628635346756155,0.0,0.0,0.0,0.0,0.0,0.0,0.0,0.0,0.0,0.0,0.0,0.0,0.0
9G,10,0.025519848771266517,0.0018903591682419014,0.0,0.0037807183364839026,0.27032136105860116,0.0,0.6984877126654064,0.0,0.0,0.0,0.0,0.0,0.0,0.0,0.0,0.0,0.0,0.0,0.0,0.0
9G,11,0.008558262014483209,0.0,0.0,0.0013166556945358014,0.13627386438446315,0.0,0.8538512179065179,0.0,0.0,0.0,0.0,0.0,0.0,0.0,0.0,0.0,0.0,0.0,0.0,0.0
9G,12,0.005908419497784298,0.0014771048744459995,0.0019694731659280996,0.0,0.04972919743968489,0.0,0.9409158050221568,0.0,0.0,0.0,0.0,0.0,0.0,0.0,0.0,0.0,0.0,0.0,0.0,0.0
11A,1,0.9757961783439493,0.013375796178343903,0.003184713375796101,0.0,0.0,0.0012738853503184001,0.004458598726114601,0.0,0.0019108280254777005,0.0,0.0,0.0,0.0,0.0,0.0,0.0,0.0,0.0,0.0,0.0
11A,10,0.99232863152685,0.0017322444939370878,0.003959415986141958,0.0,0.0,0.0,0.0,0.0014847809948032467,0.0,0.0,0.0,0.0,0.0,0.0,0.0,0.0,0.0,0.0,0.0,0.000494926998267682
11A,11,0.9914477703115456,0.0,0.0,0.0,0.0,0.0,0.0004072490327835099,0.0,0.0,0.0,0.0,0.0,0.0,0.0,0.0,0.0,0.0,0.0,0.0,0.008144980655670903
11A,12,0.9265232974910393,0.06451612903225813,0.008960573476702503,0.0,0.0,0.0,0.0,0.0,0.0,0.0,0.0,0.0,0.0,0.0,0.0,0.0,0.0,0.0,0.0,0.0
11A,2,0.9848584595128377,0.006583278472679304,0.0,0.0,0.0,0.0,0.005266622778143503,0.0,0.0019749835418038015,0.001316655694535801,0.0,0.0,0.0,0.0,0.0,0.0,0.0,0.0,0.0,0.0
11A,3,0.990274599542334,0.0028604118993135,0.0011441647597254,0.0,0.0,0.0,0.005720823798627,0.0,0.0,0.0,0.0,0.0,0.0,0.0,0.0,0.0,0.0,0.0,0.0,0.0
11A,4,0.9878048780487807,0.006097560975609704,0.0,0.006097560975609704,0.0,0.0,0.0,0.0,0.0,0.0,0.0,0.0,0.0,0.0,0.0,0.0,0.0,0.0,0.0,0.0
11A,5,0.9989816700610997,0.0,0.0,0.0,0.0,0.0,0.0010183299389001999,0.0,0.0,0.0,0.0,0.0,0.0,0.0,0.0,0.0,0.0,0.0,0.0,0.0
11A,6,0.9986440677966105,0.00022598870056490014,0.00022598870056490014,0.0,0.00022598870056490014,0.0,0.0,0.0004519774011299003,0.00022598870056490014,0.0,0.0,0.0,0.0,0.0,0.0,0.0,0.0,0.0,0.0,0.0
11A,7,0.9976470588235296,0.0011764705882352006,0.0,0.0,0.0,0.0,0.0011764705882352006,0.0,0.0,0.0,0.0,0.0,0.0,0.0,0.0,0.0,0.0,0.0,0.0,0.0
11A,8,0.9927288280581694,0.005988023952095803,0.0012831479897348007,0.0,0.0,0.0,0.0,0.0,0.0,0.0,0.0,0.0,0.0,0.0,0.0,0.0,0.0,0.0,0.0,0.0
11A,9,0.9977362761743068,0.0008488964346348998,0.0014148273910581997,0.0,0.0,0.0,0.0,0.0,0.0,0.0,0.0,0.0,0.0,0.0,0.0,0.0,0.0,0.0,0.0,0.0
10E,1,0.0018761726078798991,0.9624765478424016,0.0,0.0,0.0,0.0037523452157597983,0.0,0.0015009380863038994,0.0,0.0,0.030393996247654785,0.0,0.0,0.0,0.0,0.0,0.0,0.0,0.0,0.0
10E,2,0.0016083634901487,0.997587454764777,0.0,0.0,0.0,0.0,0.0,0.0,0.0008041817450743,0.0,0.0,0.0,0.0,0.0,0.0,0.0,0.0,0.0,0.0,0.0
10E,3,0.002974714923153199,0.9940505701536938,0.0,0.0009915716410509997,0.0,0.0,0.0,0.0,0.0019831432821020996,0.0,0.0,0.0,0.0,0.0,0.0,0.0,0.0,0.0,0.0,0.0
10E,4,0.0025380710659897994,0.9958756345177667,0.0006345177664973999,0.0,0.0,0.0,0.0,0.0,0.0009517766497460998,0.0,0.0,0.0,0.0,0.0,0.0,0.0,0.0,0.0,0.0,0.0
10E,5,0.0028886554621848017,0.9952731092436976,0.0,0.0,0.0,0.0,0.0,0.0,0.001838235294117601,0.0,0.0,0.0,0.0,0.0,0.0,0.0,0.0,0.0,0.0,0.0
10E,6,0.0018543046357615003,0.9976158940397352,0.0,0.0005298013245033001,0.0,0.0,0.0,0.0,0.0,0.0,0.0,0.0,0.0,0.0,0.0,0.0,0.0,0.0,0.0,0.0
10E,7,0.0,0.9970799640610963,0.00044923629829290014,0.0,0.00044923629829290014,0.002021563342318001,0.0,0.0,0.0,0.0,0.0,0.0,0.0,0.0,0.0,0.0,0.0,0.0,0.0,0.0
10E,8,0.0020202020202020003,0.8199494949494951,0.0,0.0,0.0005050505050505001,0.0,0.0,0.0,0.0005050505050505001,0.0,0.0,0.0,0.17702020202020202,0.0,0.0,0.0,0.0,0.0,0.0,0.0
10E,9,0.0014843087362171005,0.9978795589482613,0.0,0.0,0.0,0.0,0.0,0.0,0.0006361323155216002,0.0,0.0,0.0,0.0,0.0,0.0,0.0,0.0,0.0,0.0,0.0
10E,10,0.0016552865714876007,0.9666873577488104,0.00041382164287190017,0.0,0.0,0.030208979929650315,0.0,0.0,0.0010345541071798004,0.0,0.0,0.0,0.0,0.0,0.0,0.0,0.0,0.0,0.0,0.0
10E,11,0.001726742931146101,0.9971940427368877,0.0,0.0004316857327865003,0.0,0.0,0.0,0.0,0.0006475285991797004,0.0,0.0,0.0,0.0,0.0,0.0,0.0,0.0,0.0,0.0,0.0
10E,12,0.003136434918975399,0.9968635650810246,0.0,0.0,0.0,0.0,0.0,0.0,0.0,0.0,0.0,0.0,0.0,0.0,0.0,0.0,0.0,0.0,0.0,0.0
10F,1,0.12465437788018403,0.0,0.0,0.0,0.0,0.0011520737327188001,0.0,0.4645161290322581,0.0,0.0,0.4096774193548391,0.0,0.0,0.0,0.0,0.0,0.0,0.0,0.0,0.0
10F,2,0.0009658725048293002,0.4803605924018031,0.0,0.0,0.0,0.0006439150032195001,0.0,0.5180296200901481,0.0,0.0,0.0,0.0,0.0,0.0,0.0,0.0,0.0,0.0,0.0,0.0
10F,3,0.183974038941588,0.00099850224663,0.0,0.0,0.0,0.000499251123315,0.0,0.814528207688467,0.0,0.0,0.0,0.0,0.0,0.0,0.0,0.0,0.0,0.0,0.0,0.0
10F,4,0.09365879543645529,0.0005306447333509999,0.0005306447333509999,0.0,0.0,0.0,0.0,0.9047492703634917,0.0005306447333509999,0.0,0.0,0.0,0.0,0.0,0.0,0.0,0.0,0.0,0.0,0.0
10F,5,0.16057891109579597,0.0013783597518951998,0.0,0.0009189065012633998,0.0,0.0,0.0,0.8366643694004138,0.0004594532506316999,0.0,0.0,0.0,0.0,0.0,0.0,0.0,0.0,0.0,0.0,0.0
10F,6,0.12565015056118298,0.0,0.0008212428141252997,0.0,0.0,0.0,0.0,0.8735286066246918,0.0,0.0,0.0,0.0,0.0,0.0,0.0,0.0,0.0,0.0,0.0,0.0
10F,7,0.134592397800622,0.0,0.0004781257470714,0.0007171886206072,0.0,0.0,0.0,0.863734162084628,0.0004781257470714,0.0,0.0,0.0,0.0,0.0,0.0,0.0,0.0,0.0,0.0,0.0
10F,8,0.05072022722661798,0.0006086427267193998,0.0,0.0,0.0,0.0,0.0,0.4505984986812738,0.0,0.0,0.0,0.0,0.49807263136538876,0.0,0.0,0.0,0.0,0.0,0.0,0.0
10F,9,0.11111111111111097,0.0,0.0,0.0,0.0,0.0009107468123860998,0.0,0.8879781420765028,0.0,0.0,0.0,0.0,0.0,0.0,0.0,0.0,0.0,0.0,0.0,0.0
10F,10,0.08557878853201119,0.0004311273981460999,0.0,0.0,0.0,0.8775598189264928,0.0,0.03578357404613059,0.0006466910972191999,0.0,0.0,0.0,0.0,0.0,0.0,0.0,0.0,0.0,0.0,0.0
10F,11,0.1148526758869511,0.0,0.0008017638805371007,0.0004008819402685004,0.0,0.0,0.0,0.8835437963519748,0.0004008819402685004,0.0,0.0,0.0,0.0,0.0,0.0,0.0,0.0,0.0,0.0,0.0
10F,12,0.04216335540838851,0.021854304635761605,0.0006622516556291001,0.0,0.0,0.016777041942604903,0.0,0.9181015452538631,0.0004415011037527001,0.0,0.0,0.0,0.0,0.0,0.0,0.0,0.0,0.0,0.0,0.0
10G,1,0.0034396497811132022,0.6682301438399004,0.0006253908692933004,0.0006253908692933004,0.0,0.0006253908692933004,0.0,0.0021888680425265015,0.0012507817385866008,0.0,0.32238899312070024,0.0,0.0,0.0,0.0006253908692933004,0.0,0.0,0.0,0.0,0.0
10G,2,0.0005915409642117001,0.9979296066252591,0.0,0.0,0.0,0.0,0.0,0.0008873114463176001,0.0,0.0,0.0005915409642117001,0.0,0.0,0.0,0.0,0.0,0.0,0.0,0.0,0.0
10G,3,0.0028985507246376,0.995169082125604,0.0,0.0,0.0,0.0,0.0,0.0,0.0019323671497584,0.0,0.0,0.0,0.0,0.0,0.0,0.0,0.0,0.0,0.0,0.0
10G,4,0.0015136226034308002,0.9964682139253281,0.0010090817356205003,0.0,0.0,0.0,0.0,0.0010090817356205003,0.0,0.0,0.0,0.0,0.0,0.0,0.0,0.0,0.0,0.0,0.0,0.0
10G,5,0.008880994671403197,0.9875666074600356,0.0,0.0035523978685611983,0.0,0.0,0.0,0.0,0.0,0.0,0.0,0.0,0.0,0.0,0.0,0.0,0.0,0.0,0.0,0.0
10G,6,0.0029940119760479005,0.9970059880239521,0.0,0.0,0.0,0.0,0.0,0.0,0.0,0.0,0.0,0.0,0.0,0.0,0.0,0.0,0.0,0.0,0.0,0.0
10G,7,0.0008877052818463995,0.8060363959165556,0.0,0.0,0.0,0.19307589880159792,0.0,0.0,0.0,0.0,0.0,0.0,0.0,0.0,0.0,0.0,0.0,0.0,0.0,0.0
10G,8,0.000870322019147,0.436466492602263,0.0,0.0,0.0,0.0,0.0,0.0,0.0,0.0,0.0,0.0,0.56266318537859,0.0,0.0,0.0,0.0,0.0,0.0,0.0
10G,9,0.0044008124576845,0.989844278943805,0.0,0.0006770480704129,0.0,0.0037237643872715,0.0,0.0,0.001354096140826,0.0,0.0,0.0,0.0,0.0,0.0,0.0,0.0,0.0,0.0,0.0
10G,10,0.0011409013120364997,0.3448944666286368,0.0005704506560181997,0.0006845407872218996,0.00034227039361089983,0.6516828294352537,0.0,0.00022818026240729988,0.00045636052481459977,0.0,0.0,0.0,0.0,0.0,0.0,0.0,0.0,0.0,0.0,0.0
10G,11,0.0007766990291261997,0.9984466019417475,0.0,0.0,0.0,0.0007766990291261997,0.0,0.0,0.0,0.0,0.0,0.0,0.0,0.0,0.0,0.0,0.0,0.0,0.0,0.0
10G,12,0.003076923076923,0.990769230769231,0.0,0.0,0.0,0.0,0.0,0.0,0.0,0.0,0.0,0.0,0.0,0.0,0.0,0.0,0.0061538461538461,0.0,0.0,0.0
10H,1,0.0024231481921413995,0.0006651779350975999,0.00033258896754879996,0.0003801016771985999,0.6663182401292349,0.3290255143250819,0.00014253812894939998,0.0,0.0005226398061480999,9.502541929966268e-05,0.0,0.0,0.0,0.0,9.502541929966268e-05,0.0,0.0,0.0,0.0,0.0
10H,2,0.0018264840182647996,0.005479452054794499,0.0,0.0,0.6283105022831049,0.36255707762557093,0.0,0.0,0.0018264840182647996,0.0,0.0,0.0,0.0,0.0,0.0,0.0,0.0,0.0,0.0,0.0
10H,3,0.0,0.0,0.0,0.0,0.576565656565657,0.423434343434343,0.0,0.0,0.0,0.0,0.0,0.0,0.0,0.0,0.0,0.0,0.0,0.0,0.0,0.0
10H,4,0.0007607868709922001,0.00021736767742630003,0.0,0.0,0.6194978806651451,0.37930659710901005,0.0,0.0,0.00021736767742630003,0.0,0.0,0.0,0.0,0.0,0.0,0.0,0.0,0.0,0.0,0.0
10H,5,0.0016858668165213996,0.0005619556055070999,0.0005619556055070999,0.0,0.5984827198651309,0.3978645686990729,0.0,0.0,0.0008429334082606998,0.0,0.0,0.0,0.0,0.0,0.0,0.0,0.0,0.0,0.0,0.0
10H,6,0.0015471892728209995,0.00034381983840459996,0.0,0.00034381983840459996,0.6417397283823278,0.3560254426680419,0.0,0.0,0.0,0.0,0.0,0.0,0.0,0.0,0.0,0.0,0.0,0.0,0.0,0.0
10H,7,0.0006524930672611,0.0001087488445435,0.0,0.0001087488445435,0.546027948453048,0.453102060790604,0.0,0.0,0.0,0.0,0.0,0.0,0.0,0.0,0.0,0.0,0.0,0.0,0.0,0.0
10H,8,0.0023871527777777016,0.0,0.0,0.0,0.6679687500000004,0.3292100694444442,0.0,0.0,0.0004340277777777003,0.0,0.0,0.0,0.0,0.0,0.0,0.0,0.0,0.0,0.0,0.0
10H,9,0.0007985094490284001,0.00026616981634280007,8.872327211427561e-05,0.0,0.6567296601898681,0.34167332091207503,0.0,0.0,0.00044361636057130006,0.0,0.0,0.0,0.0,0.0,0.0,0.0,0.0,0.0,0.0,0.0
10H,10,0.0036101083032491,0.0,0.0,0.0,0.478941034897714,0.517448856799037,0.0,0.0,0.0,0.0,0.0,0.0,0.0,0.0,0.0,0.0,0.0,0.0,0.0,0.0
10H,11,0.0007842578069299006,0.00042777698559810036,0.00014259232853270013,0.0,0.6698274632824756,0.3285327249393983,0.0,0.0,0.00028518465706540026,0.0,0.0,0.0,0.0,0.0,0.0,0.0,0.0,0.0,0.0,0.0
10H,12,0.002230120565892999,0.0005575301414731998,0.00013938253536829995,0.0002090738030523999,0.6141194508328108,0.38260505958603386,0.0,0.0,0.00013938253536829995,0.0,0.0,0.0,0.0,0.0,0.0,0.0,0.0,0.0,0.0,0.0
8F,1,0.005881160008111901,0.9683634151287771,0.0,0.0014195903467856003,0.0018251875887244002,0.010951125532346402,0.0,0.0,0.0,0.0,0.011559521395254502,0.0,0.0,0.0,0.0,0.0,0.0,0.0,0.0,0.0
8F,2,0.0038091783058226006,0.9818610556865591,0.0,0.0005441683294032001,0.0,0.013785597678215102,0.0,0.0,0.0,0.0,0.0,0.0,0.0,0.0,0.0,0.0,0.0,0.0,0.0,0.0
8F,3,0.0027047913446677,0.982225656877898,0.0,0.0,0.0,0.0150695517774343,0.0,0.0,0.0,0.0,0.0,0.0,0.0,0.0,0.0,0.0,0.0,0.0,0.0,0.0
8F,4,0.005267535347934503,0.9778209037981705,0.0008317161075686004,0.0005544774050457004,0.0,0.014970889936235108,0.0,0.0,0.0,0.0,0.0,0.0,0.0,0.0,0.0,0.0,0.0005544774050457004,0.0,0.0,0.0
8F,5,0.006092715231788,0.983311258278146,0.0,0.0010596026490066,0.0,0.0090066225165562,0.0,0.0,0.0,0.0005298013245033,0.0,0.0,0.0,0.0,0.0,0.0,0.0,0.0,0.0,0.0
8F,6,0.007162957278076205,0.9838833461243286,0.0005116398055768003,0.0007674597083653004,0.0,0.007162957278076205,0.0,0.0,0.0,0.0,0.0,0.0005116398055768003,0.0,0.0,0.0,0.0,0.0,0.0,0.0,0.0
8F,7,0.0068434559452523035,0.9897348160821215,0.0006415739948674004,0.0006415739948674004,0.0,0.002138579982891301,0.0,0.0,0.0,0.0,0.0,0.0,0.0,0.0,0.0,0.0,0.0,0.0,0.0,0.0
8F,8,0.0012269938650306005,0.6116564417177912,0.0,0.0,0.0,0.0018404907975460008,0.0,0.0,0.0,0.0,0.0,0.0,0.3852760736196322,0.0,0.0,0.0,0.0,0.0,0.0,0.0
8F,9,0.013644366197183103,0.9793133802816902,0.0,0.0008802816901408002,0.0,0.006161971830985902,0.0,0.0,0.0,0.0,0.0,0.0,0.0,0.0,0.0,0.0,0.0,0.0,0.0,0.0
8F,10,0.006046355391333502,0.9623782331205913,0.0,0.0006718172657037003,0.0,0.03090359422237151,0.0,0.0,0.0,0.0,0.0,0.0,0.0,0.0,0.0,0.0,0.0,0.0,0.0,0.0
8F,11,0.009720176730486004,0.9770250368188513,0.0,0.0011782032400589003,0.0,0.012076583210603804,0.0,0.0,0.0,0.0,0.0,0.0,0.0,0.0,0.0,0.0,0.0,0.0,0.0,0.0
8F,12,0.004962054874489203,0.9880326911850555,0.0,0.0014594279042615009,0.0,0.005545826036193803,0.0,0.0,0.0,0.0,0.0,0.0,0.0,0.0,0.0,0.0,0.0,0.0,0.0,0.0
10D,1,0.002976190476190398,0.5783208020050127,0.0,0.0006265664160400996,0.37875939849624074,0.02897869674185458,0.0003132832080199998,0.0,0.0009398496240600994,0.0,0.009085213032581394,0.0,0.0,0.0,0.0,0.0,0.0,0.0,0.0,0.0
10D,2,0.0019076055403500019,0.5736086920461145,0.00024881811395860025,0.00024881811395860025,0.3942108318818944,0.028862901219208828,0.00016587874263910017,0.0,0.00041469685659780044,0.00033175748527820034,0.0,0.0,0.0,0.0,0.0,0.0,0.0,0.0,0.0,0.0
10D,3,0.0012511373976342008,0.5451546860782533,0.00022747952684250015,0.0005686988171064003,0.41606005459508627,0.03605550500454962,0.0,0.0,0.0004549590536851003,0.00022747952684250015,0.0,0.0,0.0,0.0,0.0,0.0,0.0,0.0,0.0,0.0
10D,4,0.0030193236714975,0.459842995169082,0.0,0.0,0.445350241545894,0.0917874396135266,0.0,0.0,0.0,0.0,0.0,0.0,0.0,0.0,0.0,0.0,0.0,0.0,0.0,0.0
10D,5,0.0012006403415154004,0.49839914621131315,0.0,0.0005336179295624003,0.42902881536819615,0.07083778014941303,0.0,0.0,0.0,0.0,0.0,0.0,0.0,0.0,0.0,0.0,0.0,0.0,0.0,0.0
10D,6,0.0007578628268283002,0.5297461159530121,0.0,0.0,0.42629784009094407,0.04244031830238731,0.0,0.0,0.0007578628268283002,0.0,0.0,0.0,0.0,0.0,0.0,0.0,0.0,0.0,0.0,0.0
10D,7,0.0007075471698112997,0.6337264150943397,0.0,0.0,0.34811320754716985,0.017452830188679193,0.0,0.0,0.0,0.0,0.0,0.0,0.0,0.0,0.0,0.0,0.0,0.0,0.0,0.0
10D,8,0.0005499793757733998,0.34497456345386995,0.0002749896878866999,0.0002749896878866999,0.39461020211742087,0.051698061322700384,0.0,0.0,0.0,0.0,0.0,0.0,0.20761721435446195,0.0,0.0,0.0,0.0,0.0,0.0,0.0
10D,9,0.0020964360587002015,0.5003494060097833,0.0,0.0,0.4402515723270442,0.05625436757512233,0.0,0.0,0.0010482180293501008,0.0,0.0,0.0,0.0,0.0,0.0,0.0,0.0,0.0,0.0,0.0
10D,10,0.0,0.496699669966997,0.0,0.0,0.39026402640264,0.113036303630363,0.0,0.0,0.0,0.0,0.0,0.0,0.0,0.0,0.0,0.0,0.0,0.0,0.0,0.0
10D,11,0.005524861878452999,0.5377532228360958,0.0,0.0,0.4143646408839779,0.04235727440147329,0.0,0.0,0.0,0.0,0.0,0.0,0.0,0.0,0.0,0.0,0.0,0.0,0.0,0.0
10D,12,0.0019495891937055991,0.5300097479459688,0.0004177691129368998,0.0,0.4127558835816738,0.05430998468179918,0.0,0.0,0.0005570254839157997,0.0,0.0,0.0,0.0,0.0,0.0,0.0,0.0,0.0,0.0,0.0
8D,1,0.002686202686202601,0.47448107448107424,0.0,0.005372405372405303,0.28180708180708214,0.0007326007326007003,0.0,0.0004884004884004003,0.0,0.2258852258852261,0.007814407814407804,0.0,0.0,0.0,0.0,0.0,0.0,0.0,0.0,0.0007326007326007003
8D,2,0.008169934640522796,0.32329598506069085,0.0,0.00046685340802979976,0.39752567693744184,0.0,0.0,0.0,0.0,0.2698412698412699,0.0007002801120447997,0.0,0.0,0.0,0.0,0.0,0.0,0.0,0.0,0.0
8D,3,0.0037132247929162992,0.26249642959154496,0.0,0.0,0.4975721222507859,0.0,0.0,0.0,0.0,0.23621822336475296,0.0,0.0,0.0,0.0,0.0,0.0,0.0,0.0,0.0,0.0
8D,4,0.0033965468440418,0.264081517124257,0.0011321822813473,0.0,0.464477780922729,0.0,0.0,0.0,0.0,0.266911972827625,0.0,0.0,0.0,0.0,0.0,0.0,0.0,0.0,0.0,0.0
8D,5,0.0069507404049561,0.230583257781807,0.0,0.0,0.513750377757631,0.0,0.0,0.0,0.0,0.248715624055606,0.0,0.0,0.0,0.0,0.0,0.0,0.0,0.0,0.0,0.0
8D,6,0.0068472759749925,0.288478713902947,0.0,0.0011908306043465,0.481690979458172,0.0,0.0,0.0,0.0,0.221792200059542,0.0,0.0,0.0,0.0,0.0,0.0,0.0,0.0,0.0,0.0
8D,7,0.009235668789808896,0.3528662420382168,0.0,0.0012738853503183993,0.27834394904458587,0.013375796178343894,0.0,0.0,0.0,0.34426751592356686,0.0,0.0,0.0,0.0,0.0006369426751591996,0.0,0.0,0.0,0.0,0.0
8D,8,0.005588078765300606,0.2040979244278872,0.0,0.001064395955295301,0.5231506120276745,0.0,0.0,0.0,0.0,0.1833422032996272,0.0,0.0,0.0827567855242151,0.0,0.0,0.0,0.0,0.0,0.0,0.0
8D,9,0.00870609426598611,0.23596517562293623,0.0,0.0,0.4896427499249475,0.0,0.0,0.0,0.0,0.2650855598919243,0.0,0.0006004202942059007,0.0,0.0,0.0,0.0,0.0,0.0,0.0,0.0
8D,10,0.005594745803940597,0.3227925079056188,0.0,0.0,0.3035757723181709,0.08975918268061296,0.0,0.0,0.0,0.27827779129165686,0.0,0.0,0.0,0.0,0.0,0.0,0.0,0.0,0.0,0.0
8D,11,0.0056022408963585,0.315592903828198,0.0003734827264239,0.0011204481792717,0.453034547152194,0.0,0.0,0.0,0.0,0.224276377217554,0.0,0.0,0.0,0.0,0.0,0.0,0.0,0.0,0.0,0.0
8D,12,0.0035878014749849974,0.3071556707195538,0.0,0.0005979669124974996,0.44668128363563875,0.0,0.0,0.0,0.0,0.24197727725732485,0.0,0.0,0.0,0.0,0.0,0.0,0.0,0.0,0.0,0.0
8A,1,0.09052979611115498,0.0050381799574902904,0.00047232937101465846,0.004093521215460874,0.018735731716917284,0.0,0.00023616468550727925,0.29898449185231835,0.0,0.11280799811068236,0.33968353932142054,0.0,0.0,0.0,0.12941824765803342,0.0,0.0,0.0,0.0,0.0
8A,10,0.02671944581890151,0.0,0.0003298697014679001,0.001979218208807501,0.013524657760184706,0.43757215899719615,0.0,0.035296058057067516,0.0,0.24690747154873807,0.16575952498763005,0.0,0.0,0.0,0.06943757215899722,0.0,0.0,0.0,0.0,0.0024740227610094007
8A,11,0.04554865424430642,0.0006901311249137003,0.0,0.005521048999309802,0.038302277432712216,0.0006901311249137003,0.0,0.4144237405106972,0.0,0.19599723947550007,0.2567287784679091,0.0,0.0,0.0,0.04209799861973782,0.0,0.0,0.0,0.0,0.0
8A,12,0.07072905331882484,0.0,0.0,0.0038084874863982027,0.03400435255712732,0.0,0.0,0.3362350380848752,0.0,0.21789989118607214,0.21273122959738813,0.0,0.0,0.0,0.12459194776931408,0.0,0.0,0.0,0.0,0.0
8A,2,0.0006117455138662003,0.47614192495921714,0.0,0.002650897226753601,0.002446982055464901,0.0,0.0,0.3572593800978791,0.0,0.11480424143556305,0.002243066884176101,0.0,0.0,0.0,0.04384176182707991,0.0,0.0,0.0,0.0,0.0
8A,3,0.07767978290366352,0.0010176390773405004,0.0,0.0,0.02238805970149251,0.0,0.0,0.40128900949796514,0.0,0.12584803256445007,0.23575305291723211,0.0,0.0,0.0,0.13602442333785605,0.0,0.0,0.0,0.0,0.0
8A,4,0.048171275646743984,0.00044603033006239987,0.0006690454950935999,0.0008920606601247997,0.016280107047279196,0.0,0.0,0.4917484388938449,0.0,0.15365744870651196,0.21766280107047295,0.0,0.0,0.0,0.07047279214986618,0.0,0.0,0.0,0.0,0.0
8A,5,0.084984756097561,0.0045731707317073,0.0,0.0034298780487804,0.0255335365853659,0.0,0.0,0.400533536585366,0.0,0.143673780487805,0.24390243902439,0.0,0.0,0.0,0.0933689024390244,0.0,0.0,0.0,0.0,0.0
8A,6,0.06423173803526452,0.0012594458438287006,0.0,0.0,0.02015113350125941,0.0,0.0,0.44080604534005025,0.0,0.13570528967254405,0.19993702770780908,0.0,0.0,0.0,0.13790931989924404,0.0,0.0,0.0,0.0,0.0
8A,7,0.042109329727641476,0.0,0.0,0.0,0.015839289163608293,0.4154915974502608,0.0,0.10063743480780396,0.0,0.1730732084218659,0.1742321807996909,0.0,0.0007726482518832997,0.0,0.07359474599188717,0.0,0.0,0.0,0.0,0.004249565385358198
8A,8,0.07568653717347619,0.0010046885465504998,0.0006697923643669999,0.0006697923643669999,0.021433355659745496,0.0,0.0,0.27361018084393796,0.0,0.10884125920964498,0.3871399866041529,0.0,0.0,0.0,0.13094440723375797,0.0,0.0,0.0,0.0,0.0
8A,9,0.05410923940786118,0.0015313935681469993,0.0007656967840734997,0.0010209290454312996,0.037774374680959684,0.002297090352220499,0.0,0.4167942827973458,0.0,0.1776416539050539,0.2399183256763649,0.0,0.0,0.0,0.06814701378254208,0.0,0.0,0.0,0.0,0.0
8B,1,0.048844782136765415,0.009458830826484703,0.0,0.6464568150100792,0.002791130407815101,0.0,0.0,0.0003101256008683001,0.0,0.07939215382229803,0.10327182508916102,0.07644596061404872,0.0,0.03209799968987442,0.0,0.0009303768026050004,0.0,0.0,0.0,0.0
8B,2,0.0059074048633053974,0.1891743371342219,0.0002747630168978999,0.5399093282044238,0.004808352795713698,0.0,0.0,0.0008242890506936996,0.0,0.1773595274076109,0.0,0.029399642808077987,0.0,0.05206759170215688,0.0002747630168978999,0.0,0.0,0.0,0.0,0.0
8B,3,0.0343360680644181,0.0030385900941962,0.0,0.69705256760863,0.0197508356122759,0.0,0.0,0.0,0.0,0.062291096931024,0.0,0.137648131267092,0.0,0.0316013369796414,0.0,0.0142813734427226,0.0,0.0,0.0,0.0
8B,4,0.03595926002910001,0.0027021409270421006,0.0,0.6584909582207441,0.008522136769902301,0.0,0.0,0.0,0.0,0.06692995219289131,0.0,0.14092704219497001,0.0,0.07524423196840571,0.0,0.011224277696944502,0.0,0.0,0.0,0.0
8B,5,0.04329852045256738,0.0026109660574411987,0.0008703220191469996,0.6638381201044387,0.009791122715404695,0.0,0.0,0.0,0.0,0.11792863359442994,0.0,0.10400348128807696,0.0,0.05308964316797208,0.0,0.004569190600522098,0.0,0.0,0.0,0.0
8B,6,0.05222784396931609,0.004243512322506899,0.0006528480496163999,0.6681899787824379,0.009139872694630298,0.0,0.0,0.0,0.0,0.10918883629835197,0.0,0.10086502366574197,0.0,0.052880692018932585,0.0,0.0026113921984657995,0.0,0.0,0.0,0.0
8B,7,0.0418764302059497,0.0018306636155606,0.0,0.765446224256293,0.0112128146453089,0.0205949656750572,0.0,0.0,0.0,0.0789473684210526,0.0,0.0414187643020595,0.0,0.0322654462242563,0.0,0.0064073226544622,0.0,0.0,0.0,0.0
8B,8,0.03245239020598521,0.0005829770695685002,0.0,0.6482705013602802,0.010299261562378504,0.0,0.0,0.0,0.0,0.07326078507578702,0.0,0.13505635445005806,0.02759424795958031,0.06335017489312093,0.0,0.009133307423241303,0.0,0.0,0.0,0.0
8B,9,0.048852701702442616,0.0034542314335060014,0.0,0.6397730076486552,0.015050579817419205,0.0,0.0,0.0,0.0,0.07623982235381203,0.0,0.14285714285714304,0.0,0.06464347396989882,0.0,0.009129040217123104,0.0,0.0,0.0,0.0
8B,10,0.041981132075471723,0.0014150943396226009,0.0,0.7040094339622645,0.011792452830188706,0.026650943396226413,0.0,0.0,0.0,0.10707547169811306,0.0004716981132075003,0.045990566037735825,0.0,0.05235849056603773,0.0,0.008254716981132006,0.0,0.0,0.0,0.0
8B,11,0.02867694981533781,0.0039104931566369015,0.0,0.6089506843363022,0.013686726048229405,0.0,0.0,0.0,0.0,0.08863784488377152,0.0,0.15880947208342405,0.0,0.08733434716489252,0.0,0.009993482511405603,0.0,0.0,0.0,0.0
8B,12,0.037103263299061225,0.003576218149307102,0.0006705409029950005,0.6569065713008494,0.012516763522574909,0.0,0.0,0.0,0.0,0.09856951274027727,0.0,0.13209655789003108,0.0,0.04693786320965584,0.0,0.011622708985248108,0.0,0.0,0.0,0.0
8C,1,0.05247465712581988,0.03875968992248059,0.0,0.005963029218843098,0.08527131782945739,0.0,0.0,0.0,0.0,0.18425760286225398,0.6326774001192609,0.0,0.0,0.0,0.0,0.0,0.0,0.0,0.0,0.0005963029218842999
8C,2,0.004713747000342804,0.6937778539595476,0.00042852245457660035,0.0003428179636612003,0.035738772711690125,0.0,0.0002571134727459002,0.0,0.0,0.26456976345560523,0.0,0.0,0.0,0.0,0.0,0.0,0.0,0.0,0.0,0.00017140898183060015
8C,3,0.12176656151419592,0.0025236593059935982,0.0018927444794951988,0.004416403785488897,0.4365930599369087,0.0,0.0,0.0,0.0,0.4328075709779177,0.0,0.0,0.0,0.0,0.0,0.0,0.0,0.0,0.0,0.0
8C,4,0.08874172185430454,0.001766004415010999,0.0,0.0,0.26136865342163385,0.0,0.0,0.0,0.0,0.6481236203090506,0.0,0.0,0.0,0.0,0.0,0.0,0.0,0.0,0.0,0.0
8C,5,0.13406292749657997,0.004103967168262599,0.0013679890560874999,0.0027359781121750995,0.34541723666210694,0.0,0.0,0.0,0.0,0.5123119015047879,0.0,0.0,0.0,0.0,0.0,0.0,0.0,0.0,0.0,0.0
8C,6,0.117873981997428,0.0008572653236176,0.0,0.0012858979854264,0.239605657951136,0.0,0.0,0.0,0.0,0.640377196742392,0.0,0.0,0.0,0.0,0.0,0.0,0.0,0.0,0.0,0.0
8C,7,0.0256141087549864,0.0,0.0,0.0004199034222128,0.142767163552383,0.641192525719085,0.0,0.0,0.0,0.18958639512912,0.0004199034222128,0.0,0.0,0.0,0.0,0.0,0.0,0.0,0.0,0.0
8C,8,0.07268597387847808,0.005110732538330399,0.0017035775127767995,0.003975014196479199,0.36626916524701897,0.0,0.0,0.0,0.0,0.0,0.0,0.0,0.5485519591141399,0.0,0.0011357183418511999,0.0,0.0,0.0,0.0,0.0005678591709255999
8C,9,0.06616052060737528,0.0,0.0,0.0,0.33731019522776584,0.0,0.002169197396963099,0.0,0.0,0.5943600867678958,0.0,0.0,0.0,0.0,0.0,0.0,0.0,0.0,0.0,0.0
8C,10,0.04045201441205373,0.0,0.001146413363904301,0.0,0.1287258434326891,0.35718964952505733,0.0,0.0,0.0,0.47248607926629543,0.0,0.0,0.0,0.0,0.0,0.0,0.0,0.0,0.0,0.0
8C,11,0.10126582278481001,0.0009376465072667001,0.0,0.0018752930145335002,0.24566338490389103,0.0,0.0,0.0009376465072667001,0.0,0.6493202062822321,0.0,0.0,0.0,0.0,0.0,0.0,0.0,0.0,0.0,0.0
8C,12,0.11655405405405395,0.0022522522522521993,0.0033783783783782988,0.0,0.2742117117117119,0.0,0.0,0.0,0.0,0.6036036036036038,0.0,0.0,0.0,0.0,0.0,0.0,0.0,0.0,0.0,0.0
8E,1,0.004210526315789402,0.09567251461988303,0.0,0.6947368421052632,0.0018713450292397007,0.0011695906432748005,0.0,0.0,0.0,0.0,0.09333333333333332,0.06409356725146202,0.0,0.02947368421052631,0.0,0.015438596491228106,0.0,0.0,0.0,0.0
8E,2,0.007505773672055399,0.18360277136258696,0.0,0.7584680523479598,0.0003849114703617999,0.0,0.0,0.0,0.0,0.0003849114703617999,0.0,0.04137798306389529,0.0,0.007505773672055399,0.0,0.0007698229407235998,0.0,0.0,0.0,0.0
8E,3,0.005612722170252504,0.005924540068599903,0.0006236357966947003,0.8705955721858435,0.0,0.0,0.0,0.0,0.0,0.0,0.0,0.06828811973807304,0.0,0.04022450888681012,0.0,0.008730901153726205,0.0,0.0,0.0,0.0
8E,4,0.0050624367195410015,0.002362470469119101,0.0,0.8376645291933853,0.0,0.0,0.0,0.0,0.0,0.0010124873439082004,0.0,0.07424907188660143,0.0,0.06716166047924403,0.0,0.012487343908201104,0.0,0.0,0.0,0.0
8E,5,0.0029550827423167002,0.0044326241134751004,0.0005910165484633001,0.8043735224586291,0.0,0.0,0.0,0.0,0.0,0.0,0.0,0.11849881796690301,0.0,0.05466903073286051,0.0,0.014479905437352203,0.0,0.0,0.0,0.0
8E,6,0.010488462691039901,0.0029967036260113004,0.0,0.8166017380881031,0.0,0.0,0.0,0.0,0.0,0.0,0.0,0.08630506442912801,0.0,0.06802517231045851,0.0,0.015582858855259202,0.0,0.0,0.0,0.0
8E,7,0.0033398274422487993,0.018090731978847797,0.0,0.8794878931255218,0.0,0.030615084887280795,0.0,0.0,0.0,0.0,0.0,0.044252713609796795,0.0,0.018090731978847797,0.0,0.006123016977456098,0.0,0.0,0.0,0.0
8E,8,0.002928257686676402,0.0020497803806735016,0.0,0.6784773060029285,0.0,0.0,0.0,0.0,0.0,0.0,0.0,0.08638360175695467,0.19472913616398213,0.02518301610541732,0.0,0.010248901903367509,0.0,0.0,0.0,0.0
8E,9,0.004420587306599302,0.0009472687085569005,0.0006315124723713004,0.8556994000631514,0.0,0.0,0.0,0.0,0.0,0.0,0.0,0.09820018945374175,0.0006315124723713004,0.01957688664351121,0.0,0.01989264287969691,0.0,0.0,0.0,0.0
8E,10,0.0038453321939756016,0.001709036530655801,0.0,0.8109378337961973,0.0,0.057466353343302724,0.0,0.0,0.0,0.0,0.0,0.08139286477248454,0.0,0.010254219183935105,0.0,0.034394360179448816,0.0,0.0,0.0,0.0
8E,11,0.004472843450479198,0.0028753993610222987,0.0,0.7964856230031947,0.0,0.0,0.0,0.0,0.0,0.0,0.0,0.16453674121405792,0.0,0.0015974440894567993,0.0,0.030031948881789085,0.0,0.0,0.0,0.0
8E,12,0.0045192066281697,0.0045192066281697,0.0007532011046949,0.845342706502636,0.0,0.0,0.0,0.0,0.0,0.0,0.0,0.112729098669345,0.0,0.0130554858147125,0.0,0.0190810946522722,0.0,0.0,0.0,0.0
8G,1,0.002979357310065899,0.06490742711215149,0.0004256224728664999,0.0017024898914661996,0.5986380080868269,0.0,0.0,0.0,0.0,0.0,0.33134709512662297,0.0,0.0,0.0,0.0,0.0,0.0,0.0,0.0,0.0
8G,2,0.005357441821530171,0.7500418550142308,0.0,0.00033484011384562936,0.2060940900719904,0.03465595178302364,0.0,0.0,0.0,0.0,0.0,0.0,0.0,0.0,0.0,0.0,0.0,0.0,0.003515821195379209,0.0
8G,3,0.0015449980687523993,0.6672460409424487,0.0,0.0,0.2410196987253769,0.08883738895326376,0.0,0.0,0.0,0.0,0.0,0.0,0.0,0.0,0.0,0.0,0.0,0.0,0.0013518733101582994,0.0
8G,4,0.005074854097944597,0.7290027911697536,0.0,0.0,0.21618878457244392,0.04821111393047448,0.0,0.0,0.0,0.0,0.0,0.0,0.0,0.0,0.0,0.0,0.0,0.0,0.0015224562293833994,0.0
8G,5,0.007436918990703797,0.6642762284196546,0.0,0.0010624169986718996,0.2042496679946879,0.12191235059760995,0.0,0.0,0.0,0.0,0.0,0.0,0.0,0.0,0.0,0.0,0.0,0.0,0.0010624169986718996,0.0
8G,6,0.004508856682769699,0.6444444444444439,0.0,0.0012882447665055997,0.18872785829307595,0.15877616747181997,0.0,0.0,0.0,0.0006441223832527998,0.0,0.0,0.0,0.0,0.0,0.0,0.0,0.0,0.0016103059581319995,0.0
8G,7,0.0053475935828877046,0.7850267379679147,0.0,0.0005347593582887005,0.18288770053475917,0.02513368983957222,0.0,0.0,0.0,0.0,0.0,0.0,0.0,0.0,0.0,0.0,0.0,0.0,0.0010695187165775009,0.0
8G,8,0.0023018743834264995,0.5330483393620519,0.0,0.0006576783952646999,0.17888852351200296,0.03518579414666229,0.0,0.0,0.0,0.0,0.0,0.0,0.24926011180532695,0.0,0.0,0.0,0.0,0.0,0.0006576783952646999,0.0
8G,9,0.0035071311667056017,0.7037643207855974,0.0,0.0,0.23217208323591312,0.05775075987841953,0.0,0.0,0.0,0.0,0.0,0.0,0.0,0.0,0.00046761748889400024,0.0,0.0,0.0,0.002338087444470401,0.0
8G,10,0.0030935808197989,0.64230471771075,0.0,0.0007733952049497,0.245166279969064,0.106728538283063,0.0,0.0,0.0,0.0,0.0,0.0,0.0,0.0,0.0,0.0,0.0,0.0,0.0019334880123743,0.0
8G,11,0.009581105169340399,0.6942959001782529,0.0,0.0,0.20476827094474195,0.08934937611408199,0.0,0.0,0.0,0.0,0.0,0.0,0.0,0.0,0.0,0.0,0.0,0.0,0.0020053475935827994,0.0
8G,12,0.002601626016260101,0.7487804878048783,0.0,0.0,0.20764227642276406,0.036585365853658514,0.0,0.0,0.0,0.0,0.0,0.0,0.0,0.0,0.0,0.0,0.0,0.0,0.004390243902439001,0.0
10B,1,0.002450980392156801,0.0014005602240896007,0.0,0.8315826330532213,0.005427170868347302,0.008403361344537803,0.0,0.0005252100840336002,0.0008753501400560004,0.0035014005602240017,0.0,0.10014005602240904,0.0,0.030637254901960814,0.0,0.015056022408963607,0.0,0.0,0.0,0.0
10B,2,0.0008405127127547009,0.5641941584366467,0.0006303845345660006,0.31960495902500535,0.0,0.0004202563563773005,0.0,0.0,0.0004202563563773005,0.0,0.0,0.04244589199411645,0.0,0.07102332422777899,0.0,0.0004202563563773005,0.0,0.0,0.0,0.0
10B,3,0.0020793623288858005,0.0005198405822214001,0.00034656038814760004,0.8161497140876801,0.0034656038814763006,0.008664009703690802,0.0,0.0,0.0,0.0022526425229596005,0.0,0.11939005371686001,0.0,0.03708196153179691,0.0,0.010050251256281402,0.0,0.0,0.0,0.0
10B,4,0.0011396939107782003,0.0011396939107782003,0.00032562683165090003,0.7798762618039731,0.0,0.0,0.0,0.0,0.0,0.0,0.0,0.14571800716379002,0.0,0.060566590687072604,0.0,0.011234125691957001,0.0,0.0,0.0,0.0
10B,5,0.0013210039630118006,0.0002935564362248001,0.0,0.7937766035520334,0.0002935564362248001,0.0,0.0,0.0,0.0002935564362248001,0.0,0.0,0.12578893292235405,0.0,0.06560986349625723,0.0,0.012622926757669205,0.0,0.0,0.0,0.0
10B,6,0.0,0.0,0.0,0.7993033226152196,0.0,0.0,0.0,0.0,0.0,0.0,0.0,0.12915326902465193,0.0,0.05332261521972128,0.0,0.018220793140407292,0.0,0.0,0.0,0.0
10B,7,0.004682470002926499,0.002633889376646099,0.0,0.8230904302019316,0.010681884694176195,0.06321334503950828,0.0,0.0,0.0,0.011852502194907796,0.0,0.030289727831431086,0.0,0.04448346502780218,0.0,0.009072285630670097,0.0,0.0,0.0,0.0
10B,8,0.0007635919364691002,0.0003054367745876001,0.0,0.6844838118509472,0.0003054367745876001,0.0,0.0,0.0,0.0003054367745876001,0.0,0.0,0.09499083689676242,0.15714722052535104,0.05360415394013442,0.0,0.008094074526573004,0.0,0.0,0.0,0.0
10B,9,0.0007668711656441002,0.0011503067484662005,0.0,0.8347392638036814,0.0,0.003834355828220801,0.0,0.0,0.0,0.0015337423312883004,0.0,0.09164110429447853,0.0,0.05904907975460122,0.0,0.007285276073619603,0.0,0.0,0.0,0.0
10B,10,0.0014064697609001008,0.0007813720893889005,0.0,0.8523206751054855,0.0009376465072667005,0.058602906704172536,0.0,0.0,0.0007813720893889005,0.001875293014533501,0.0,0.04375683700578223,0.0,0.030004688232536318,0.0003125488357555002,0.009220190654789805,0.0,0.0,0.0,0.0
10B,11,0.0005477451159393001,0.0,0.0,0.8210699287931351,0.00036516341062620003,0.0005477451159393001,0.0,0.0,0.0,0.0,0.0,0.11429614752601801,0.0,0.05039255066642321,0.0,0.012780719371918901,0.0,0.0,0.0,0.0
10B,12,0.0028833551769330995,0.0007863695937089998,0.0,0.8335517693315858,0.0013106159895149999,0.0028833551769330995,0.0,0.0,0.0007863695937089998,0.0005242463958059999,0.0,0.10196592398427297,0.0,0.03538663171690689,0.0,0.019921363040629095,0.0,0.0,0.0,0.0
